depth,gamma_api,density_gcc,resistivity_ohmm,lithology_code,lithology_source
0.0,72.0,2.05,55.0,SOIL,SOIL
0.5,72.583,2.052,55.6,SOIL,SOIL
1.0,73.152,2.055,56.197,SOIL,SOIL
1.5,73.694,2.057,56.79,SOIL,SOIL
2.0,74.197,2.06,57.377,SOIL,SOIL
2.5,74.65,2.062,57.955,SOIL,SOIL
3.0,75.042,2.065,58.523,SOIL,SOIL
3.5,75.364,2.067,59.078,SOIL,SOIL
4.0,75.611,2.069,59.618,SOIL,SOIL
4.5,75.777,2.072,60.141,SOIL,SOIL
5.0,75.861,2.074,60.646,SOIL,SOIL
5.5,75.861,2.076,61.131,SOIL,SOIL
6.0,75.781,2.078,61.594,SOIL,SOIL
6.5,75.623,2.08,62.033,SOILSNDY,SANDY SOIL
7.0,75.395,2.082,62.446,SOILSNDY,SANDY SOIL
7.5,75.105,2.084,62.833,SOILSNDY,SANDY SOIL
8.0,74.761,2.086,63.192,SOILSNDY,SANDY SOIL
8.5,74.376,2.088,63.521,SOILSNDY,SANDY SOIL
9.0,73.961,2.089,63.82,SOILSNDY,SANDY SOIL
9.5,73.529,2.091,64.086,SOILSNDY,SANDY SOIL
10.0,73.093,2.092,64.32,SOILSNDY,SANDY SOIL
10.5,72.668,2.093,64.521,SOILSNDY,SANDY SOIL
11.0,72.264,2.095,64.687,SOILSNDY,SANDY SOIL
11.5,71.896,2.096,64.819,SOILSNDY,SANDY SOIL
12.0,71.574,2.097,64.915,SOILSNDY,SANDY SOIL
12.5,71.307,2.097,64.975,SOILSNDY,SANDY SOIL
13.0,71.105,2.098,64.999,SOILSNDY,SANDY SOIL
13.5,70.974,2.099,64.988,SOILSNDY,SANDY SOIL
14.0,70.917,2.099,64.94,SOILSNDY,SANDY SOIL
14.5,70.938,2.1,64.857,SOILSNDY,SANDY SOIL
15.0,71.036,2.1,64.738,SOILSNDY,SANDY SOIL
15.5,71.209,2.1,64.585,SLUDGE,SLUDGE
16.0,71.453,2.1,64.396,SLUDGE,SLUDGE
16.5,71.762,2.1,64.174,SLUDGE,SLUDGE
17.0,72.128,2.1,63.919,SLUDGE,SLUDGE
17.5,72.54,2.099,63.632,SLUDGE,SLUDGE
18.0,72.988,2.099,63.314,SLUDGE,SLUDGE
18.5,73.459,2.098,62.966,SLUDGE,SLUDGE
19.0,73.941,2.097,62.589,SLUDGE,SLUDGE
19.5,74.42,2.096,62.185,SLUDGE,SLUDGE
20.0,74.882,2.095,61.755,SLUDGE,SLUDGE
20.5,75.315,2.094,61.3,SLUDGE,SLUDGE
21.0,75.707,2.093,60.823,SLUDGE,SLUDGE
21.5,76.045,2.092,60.325,SLUDGE,SLUDGE
22.0,76.321,2.09,59.808,SLUDGE,SLUDGE
22.5,76.525,2.089,59.274,SLUDGE,SLUDGE
23.0,76.652,2.087,58.724,SLUDGE,SLUDGE
23.5,76.696,2.086,58.161,SLUDGE,SLUDGE
24.0,76.656,2.084,57.586,SLUDGE,SLUDGE
24.5,76.531,2.082,57.002,SLUDGE,SLUDGE
25.0,76.324,2.08,56.411,SLUDGE,SLUDGE
25.5,76.038,2.078,55.815,SLUDGE,SLUDGE
26.0,75.68,2.076,55.216,SLUDGE,SLUDGE
26.5,75.259,2.074,54.616,SLUDGE,SLUDGE
27.0,74.783,2.071,54.018,SLUDGE,SLUDGE
27.5,74.265,2.069,53.423,SLUDGE,SLUDGE
28.0,73.716,2.067,52.833,SLUDGE,SLUDGE
28.5,73.15,2.064,52.252,SLUDGE,SLUDGE
29.0,72.58,2.062,51.68,SLUDGE,SLUDGE
29.5,72.019,2.06,51.12,SLUDGE,SLUDGE
30.0,71.482,2.057,50.575,SLUDGE,SLUDGE
30.5,70.98,2.055,50.045,SLUDGE,SLUDGE
31.0,70.526,2.052,49.533,SLUDGE,SLUDGE
31.5,70.129,2.05,49.041,SLUDGE,SLUDGE
32.0,69.797,2.047,48.57,SLUDGE,SLUDGE
32.5,69.539,2.045,48.122,SLUDGE,SLUDGE
33.0,69.358,2.042,47.699,SLUDGE,SLUDGE
33.5,64.258,2.389,66.582,SST,SANDSTONE
34.0,64.238,2.386,66.89,SST,SANDSTONE
34.5,64.298,2.384,67.261,SST,SANDSTONE
35.0,64.433,2.381,67.693,SST,SANDSTONE
35.5,64.637,2.379,68.182,SST,SANDSTONE
36.0,64.902,2.376,68.727,SST,SANDSTONE
36.5,65.22,2.374,69.324,SST,SANDSTONE
37.0,65.579,2.372,69.969,SST,SANDSTONE
37.5,65.967,2.37,70.66,SST,SANDSTONE
38.0,66.371,2.368,71.392,SST,SANDSTONE
38.5,66.779,2.367,72.161,SST,SANDSTONE
39.0,67.177,2.365,72.963,SST,SANDSTONE
39.5,67.552,2.364,73.793,SST,SANDSTONE
40.0,67.891,2.363,74.647,SST,SANDSTONE
40.5,68.184,2.362,75.52,SST,SANDSTONE
41.0,68.421,2.361,76.406,SST,SANDSTONE
41.5,68.593,2.361,77.302,SST,SANDSTONE
42.0,68.694,2.36,78.202,SST,SANDSTONE
42.5,68.718,2.36,79.1,SST,SANDSTONE
43.0,68.664,2.36,79.993,SST,SANDSTONE
43.5,68.532,2.36,80.874,SST,SANDSTONE
44.0,68.323,2.36,81.738,SST,SANDSTONE
44.5,68.041,2.361,82.582,SST,SANDSTONE
45.0,67.692,2.362,83.401,SST,SANDSTONE
45.5,67.286,2.363,84.188,SST,SANDSTONE
46.0,66.83,2.364,84.941,SST,SANDSTONE
46.5,66.337,2.365,85.655,SST,SANDSTONE
47.0,65.818,2.366,86.326,SST,SANDSTONE
47.5,65.287,2.368,86.95,SST,SANDSTONE
48.0,64.757,2.369,87.524,SST,SANDSTONE
48.5,64.241,2.371,88.044,SST,SANDSTONE
49.0,63.753,2.373,88.508,SST,SANDSTONE
49.5,63.306,2.375,88.913,SST,SANDSTONE
50.0,62.91,2.378,89.256,SST,SANDSTONE
50.5,62.575,2.38,89.536,SST,SANDSTONE
51.0,62.312,2.383,89.751,SST,SANDSTONE
51.5,62.126,2.385,89.9,SST,SANDSTONE
52.0,62.022,2.388,89.983,SST,SANDSTONE
52.5,62.003,2.391,89.997,SST,SANDSTONE
53.0,62.07,2.394,89.945,SST,SANDSTONE
53.5,62.22,2.397,89.825,SST,SANDSTONE
54.0,62.451,2.4,89.639,SST,SANDSTONE
54.5,62.755,2.403,89.387,SST,SANDSTONE
55.0,63.125,2.406,89.071,SST,SANDSTONE
55.5,63.551,2.409,88.693,SST,SANDSTONE
56.0,64.023,2.413,88.255,SST,SANDSTONE
56.5,64.528,2.416,87.759,SST,SANDSTONE
57.0,65.053,2.419,87.209,SST,SANDSTONE
57.5,65.586,2.423,86.606,SST,SANDSTONE
58.0,66.111,2.426,85.956,SST,SANDSTONE
58.5,66.617,2.429,85.26,SST,SANDSTONE
59.0,67.091,2.432,84.524,SST,SANDSTONE
59.5,67.52,2.436,83.751,SST,SANDSTONE
60.0,67.895,2.439,82.945,SST,SANDSTONE
60.5,68.207,2.442,82.112,SST,SANDSTONE
61.0,68.449,2.445,81.256,SST,SANDSTONE
61.5,68.616,2.448,80.381,SST,SANDSTONE
62.0,68.704,2.451,79.493,SST,SANDSTONE
62.5,68.714,2.453,78.597,SST,SANDSTONE
63.0,68.646,2.456,77.697,SST,SANDSTONE
63.5,68.505,2.459,76.799,SST,SANDSTONE
64.0,68.296,2.461,75.908,SST,SANDSTONE
64.5,68.026,2.464,75.029,SST,SANDSTONE
65.0,67.706,2.466,74.166,SST,SANDSTONE
65.5,67.345,2.468,73.325,SST,SANDSTONE
66.0,66.956,2.47,72.51,SST,SANDSTONE
66.5,66.551,2.471,71.725,SST,SANDSTONE
67.0,66.143,2.473,70.977,SST,SANDSTONE
67.5,65.746,2.475,70.267,SST,SANDSTONE
68.0,65.373,2.476,69.602,SST,SANDSTONE
68.5,65.036,2.477,68.983,SST,SANDSTONE
69.0,64.746,2.478,68.415,SST,SANDSTONE
69.5,64.514,2.479,67.901,SST,SANDSTONE
70.0,64.348,2.479,67.444,SST,SANDSTONE
70.5,64.255,2.48,67.046,SST,SANDSTONE
71.0,64.239,2.48,66.709,SST,SANDSTONE
71.5,64.304,2.48,66.437,SST,SANDSTONE
72.0,64.45,2.48,66.229,SST,SANDSTONE
72.5,64.674,2.48,66.087,SST,SANDSTONE
73.0,64.974,2.479,66.012,SST,SANDSTONE
73.5,65.344,2.478,66.005,SST,SANDSTONE
74.0,65.774,2.478,66.065,SST,SANDSTONE
74.5,66.257,2.477,66.193,SST,SANDSTONE
75.0,66.78,2.475,66.386,SST,SANDSTONE
75.5,67.331,2.474,66.645,SST,SANDSTONE
76.0,67.899,2.472,66.968,SST,SANDSTONE
76.5,68.468,2.471,67.353,SST,SANDSTONE
77.0,69.026,2.469,67.798,SST,SANDSTONE
77.5,69.56,2.467,68.3,SST,SANDSTONE
78.0,70.056,2.465,68.856,SST,SANDSTONE
78.5,70.502,2.463,69.464,SST,SANDSTONE
79.0,70.889,2.46,70.12,SST,SANDSTONE
79.5,71.208,2.458,70.82,SST,SANDSTONE
80.0,71.45,2.455,71.561,SST,SANDSTONE
80.5,71.612,2.452,72.338,SST,SANDSTONE
81.0,71.689,2.45,73.147,SST,SANDSTONE
81.5,71.682,2.447,73.983,SST,SANDSTONE
82.0,35.626,1.44,146.791,SST,SANDSTONE
82.5,36.46,1.44,146.999,SST,SANDSTONE
83.0,36.937,1.44,146.728,SST,SANDSTONE
83.5,36.939,1.438,145.99,SST,SANDSTONE
84.0,36.466,1.436,144.813,SST,SANDSTONE
84.5,35.635,1.434,143.245,SST,SANDSTONE
85.0,34.648,1.431,141.349,SST,SANDSTONE
85.5,33.747,1.427,139.199,SST,SANDSTONE
86.0,33.153,1.423,136.882,SST,SANDSTONE
86.5,68.193,2.415,82.768,SST,SANDSTONE
87.0,67.733,2.411,83.58,SST,SANDSTONE
87.5,67.304,2.408,84.36,SST,SANDSTONE
88.0,66.917,2.405,85.105,SST,SANDSTONE
88.5,66.582,2.402,85.81,SST,SANDSTONE
89.0,66.308,2.399,86.47,SST,SANDSTONE
89.5,66.103,2.396,87.083,SST,SANDSTONE
90.0,65.971,2.393,87.645,SST,SANDSTONE
90.5,65.916,2.39,88.153,SST,SANDSTONE
91.0,65.939,2.387,88.604,SST,SANDSTONE
91.5,66.038,2.384,88.995,SST,SANDSTONE
92.0,66.21,2.382,89.324,SST,SANDSTONE
92.5,66.449,2.379,89.59,SST,SANDSTONE
93.0,66.748,2.377,89.79,SST,SANDSTONE
93.5,67.098,2.375,89.925,SST,SANDSTONE
94.0,67.487,2.372,89.992,SST,SANDSTONE
94.5,67.904,2.37,89.991,SST,SANDSTONE
95.0,68.337,2.369,89.924,SST,SANDSTONE
95.5,68.772,2.367,89.789,SST,SANDSTONE
96.0,69.196,2.366,89.588,SST,SANDSTONE
96.5,69.596,2.364,89.322,SST,SANDSTONE
97.0,69.96,2.363,88.992,SST,SANDSTONE
97.5,70.275,2.362,88.6,SST,SANDSTONE
98.0,70.531,2.361,88.149,SST,SANDSTONE
98.5,70.721,2.361,87.641,SST,SANDSTONE
99.0,70.835,2.36,87.078,SST,SANDSTONE
99.5,70.871,2.36,86.465,SST,SANDSTONE
100.0,70.824,2.36,85.803,SST,SANDSTONE
100.5,70.694,2.36,85.098,SST,SANDSTONE
101.0,70.482,2.36,84.354,SST,SANDSTONE
101.5,70.192,2.361,83.573,SST,SANDSTONE
102.0,69.83,2.362,82.761,SST,SANDSTONE
102.5,69.403,2.362,81.922,SST,SANDSTONE
103.0,68.921,2.363,81.061,SST,SANDSTONE
103.5,68.394,2.364,80.183,SST,SANDSTONE
104.0,67.835,2.366,79.293,SST,SANDSTONE
104.5,67.257,2.367,78.395,SST,SANDSTONE
105.0,66.673,2.369,77.496,SST,SANDSTONE
105.5,66.096,2.371,76.599,SST,SANDSTONE
106.0,65.54,2.373,75.71,SST,SANDSTONE
106.5,65.018,2.375,74.834,SST,SANDSTONE
107.0,64.542,2.377,73.975,SST,SANDSTONE
107.5,64.123,2.379,73.139,SST,SANDSTONE
108.0,63.769,2.382,72.331,SST,SANDSTONE
108.5,63.488,2.385,71.554,SST,SANDSTONE
109.0,63.286,2.387,70.814,SST,SANDSTONE
109.5,63.166,2.39,70.114,SST,SANDSTONE
110.0,63.129,2.393,69.459,SST,SANDSTONE
110.5,63.174,2.396,68.851,SST,SANDSTONE
111.0,63.298,2.399,68.295,SST,SANDSTONE
111.5,63.496,2.402,67.793,SST,SANDSTONE
112.0,63.76,2.405,67.349,SST,SANDSTONE
112.5,64.082,2.409,66.965,SST,SANDSTONE
113.0,64.45,2.412,66.643,SST,SANDSTONE
113.5,64.854,2.415,66.384,SST,SANDSTONE
114.0,65.28,2.418,66.191,SST,SANDSTONE
114.5,65.716,2.422,66.065,SST,SANDSTONE
115.0,66.147,2.425,66.005,SST,SANDSTONE
115.5,66.562,2.428,66.013,SST,SANDSTONE
116.0,66.947,2.432,66.088,SST,SANDSTONE
116.5,67.291,2.435,66.23,SST,SANDSTONE
117.0,67.583,2.438,66.439,SST,SANDSTONE
117.5,67.814,2.441,66.712,SST,SANDSTONE
118.0,67.978,2.444,67.049,SST,SANDSTONE
118.5,68.068,2.447,67.447,SST,SANDSTONE
119.0,68.081,2.45,67.905,SST,SANDSTONE
119.5,68.017,2.453,68.42,SST,SANDSTONE
120.0,67.876,2.456,68.988,SST,SANDSTONE
120.5,67.662,2.458,69.607,SST,SANDSTONE
121.0,67.381,2.461,70.273,SST,SANDSTONE
121.5,67.039,2.463,70.983,SST,SANDSTONE
122.0,66.646,2.465,71.732,SST,SANDSTONE
122.5,66.212,2.467,72.517,SST,SANDSTONE
123.0,65.75,2.469,73.332,SST,SANDSTONE
123.5,65.271,2.471,74.173,SST,SANDSTONE
124.0,64.789,2.473,75.036,SST,SANDSTONE
124.5,64.318,2.474,75.916,SST,SANDSTONE
125.0,63.87,2.476,76.807,SST,SANDSTONE
125.5,63.459,2.477,77.705,SST,SANDSTONE
126.0,63.096,2.478,78.605,SST,SANDSTONE
126.5,62.792,2.479,79.501,SST,SANDSTONE
127.0,62.555,2.479,80.389,SST,SANDSTONE
127.5,62.394,2.48,81.264,SST,SANDSTONE
128.0,62.313,2.48,82.12,SST,SANDSTONE
128.5,62.316,2.48,82.953,SST,SANDSTONE
129.0,89.403,2.283,35.013,SHALE,SHALE
129.5,89.575,2.279,34.775,SHALE,SHALE
130.0,89.827,2.275,34.567,SANDYSH,SANDY SHALE
130.5,90.154,2.27,34.391,SANDYSH,SANDY SHALE
131.0,68.549,2.075,54.88,INTERCLATION,INTERCLATION
131.5,69.002,2.078,54.28,INTERCLATION,INTERCLATION
132.0,69.503,2.08,53.683,INTERCLATION,INTERCLATION
132.5,92.04,2.255,34.012,SANDYSH,SANDY SHALE
133.0,70.6,2.083,52.506,INTERCLATION,INTERCLATION
133.5,93.17,2.248,34.023,SANDYSH,SANDY SHALE
134.0,93.736,2.245,34.08,SANDYSH,SANDY SHALE
134.5,94.285,2.242,34.17,SANDYSH,SANDY SHALE
135.0,94.804,2.239,34.292,SHALE,SHALE
135.5,73.281,2.092,49.756,INTERCLATION,INTERCLATION
136.0,68.704,2.461,89.998,SANDY SAHLE,SANDY SAHLE
136.5,69.066,2.458,89.982,SANDY SAHLE,SANDY SAHLE
137.0,69.357,2.456,89.899,SANDY SAHLE,SANDY SAHLE
137.5,74.572,2.096,47.882,INTERCLATION,INTERCLATION
138.0,74.708,2.097,47.474,INTERCLATION,INTERCLATION
138.5,96.763,2.23,36.019,SHALE,SHALE
139.0,96.738,2.23,36.376,SHALE,SHALE
139.5,96.636,2.231,36.758,SHALE,SHALE
140.0,96.461,2.231,37.161,SANDYSH,SANDY SHALE
140.5,69.221,2.435,87.519,SST,SANDSTONE
141.0,68.925,2.432,86.945,SST,SANDSTONE
141.5,73.583,2.1,45.443,INTERCLATION,INTERCLATION
142.0,95.207,2.238,38.962,CARBSHL,CARB SHALE
142.5,94.808,2.241,39.449,SHSST,SHALY SANDSTONE
143.0,94.4,2.243,39.947,SHSST,SHALY SANDSTONE
143.5,66.996,2.415,83.393,SST,SANDSTONE
144.0,66.61,2.412,82.575,SST,SANDSTONE
144.5,66.253,2.409,81.731,SST,SANDSTONE
145.0,65.938,2.406,80.866,SST,SANDSTONE
145.5,65.675,2.402,79.985,SST,SANDSTONE
146.0,65.474,2.399,79.092,SST,SANDSTONE
146.5,65.341,2.396,78.194,SST,SANDSTONE
147.0,65.283,2.393,77.294,SST,SANDSTONE
147.5,65.302,2.39,76.399,SST,SANDSTONE
148.0,65.4,2.388,75.512,SST,SANDSTONE
148.5,92.576,2.286,45.519,SHALE,SHALE
149.0,65.827,2.382,73.786,SST,SANDSTONE
149.5,71.147,2.084,47.108,INTERCLATION,INTERCLATION
150.0,71.529,2.083,47.49,INTERCLATION,INTERCLATION
150.5,66.964,2.375,71.385,SANDY SAHLE,SANDY SAHLE
151.0,72.442,2.079,48.335,INTERCLATION,INTERCLATION
151.5,72.951,2.076,48.794,INTERCLATION,INTERCLATION
152.0,73.479,2.074,49.275,INTERCLATION,INTERCLATION
152.5,74.011,2.072,49.777,INTERCLATION,INTERCLATION
153.0,74.535,2.07,50.298,INTERCLATION,INTERCLATION
153.5,75.036,2.068,50.835,INTERCLATION,INTERCLATION
154.0,75.503,2.065,51.388,INTERCLATION,INTERCLATION
154.5,75.923,2.063,51.954,INTERCLATION,INTERCLATION
155.0,76.286,2.06,52.53,INTERCLATION,INTERCLATION
155.5,76.581,2.058,53.116,INTERCLATION,INTERCLATION
156.0,76.802,2.055,53.708,INTERCLATION,INTERCLATION
156.5,76.943,2.053,54.305,INTERCLATION,INTERCLATION
157.0,76.999,2.05,54.904,INTERCLATION,INTERCLATION
157.5,76.97,2.048,55.504,INTERCLATION,INTERCLATION
158.0,76.856,2.045,56.102,INTERCLATION,INTERCLATION
158.5,76.66,2.043,56.696,INTERCLATION,INTERCLATION
159.0,76.388,2.04,57.284,INTERCLATION,INTERCLATION
159.5,71.046,2.362,66.782,SST,SANDSTONE
160.0,70.643,2.363,67.133,SST,SANDSTONE
160.5,41.189,1.363,108.854,SHCOAL,SH COAL
161.0,40.697,1.36,109.708,COAL,COAL
161.5,96.179,2.317,48.715,CARBSHL,CARB SHALE
162.0,95.648,2.314,48.418,SHALE,SHALE
162.5,39.118,1.353,112.791,COAL,COAL
163.0,38.602,1.35,113.962,COAL,COAL
163.5,38.113,1.347,115.187,COAL,COAL
164.0,93.662,2.299,46.975,CARBSHL,CARB SHALE
164.5,37.262,1.34,117.757,COAL,COAL
165.0,36.921,1.337,119.078,COAL,COAL
165.5,65.648,2.384,74.365,SST,SANDSTONE
166.0,92.448,2.283,45.197,SHALE,SHALE
166.5,92.325,2.278,44.714,CARBSHL,CARB SHALE
167.0,36.281,1.325,124.325,COAL,COAL
167.5,92.315,2.27,43.716,CARBSHL,CARB SHALE
168.0,36.424,1.32,126.762,COAL,COAL
168.5,36.604,1.318,127.894,COAL,COAL
169.0,92.848,2.258,42.169,SHSST,SHALY SANDSTONE
169.5,93.148,2.254,41.649,SHSST,SHALY SANDSTONE
170.0,93.492,2.251,41.131,SHSST,SHALY SANDSTONE
170.5,93.87,2.247,40.616,SHSST,SHALY SANDSTONE
171.0,94.27,2.244,40.107,SHSST,SHALY SANDSTONE
171.5,72.678,2.0,64.873,INTERCLATION,INTERCLATION
172.0,39.081,1.31,133.347,COAL,COAL
172.5,39.466,1.31,133.687,SHCOAL,SH COAL
173.0,95.821,2.235,38.173,CARBSHL,CARB SHALE
173.5,40.133,1.311,133.997,COAL,COAL
174.0,96.391,2.232,37.294,SHALE,SHALE
174.5,96.588,2.231,36.884,SHALE,SHALE
175.0,40.714,1.316,133.518,COAL,COAL
175.5,40.764,1.318,133.111,COAL,COAL
176.0,40.734,1.32,132.586,COAL,COAL
176.5,40.624,1.322,131.948,COAL,COAL
177.0,40.434,1.325,131.202,COAL,COAL
177.5,96.166,2.233,34.93,SANDYSH,SANDY SHALE
178.0,95.827,2.234,34.702,SANDYSH,SANDY SHALE
178.5,95.422,2.236,34.504,SANDYSH,SANDY SHALE
179.0,94.961,2.238,34.339,SANDYSH,SANDY SHALE
179.5,94.454,2.241,34.205,SANDYSH,SANDY SHALE
180.0,93.914,2.244,34.105,SANDYSH,SANDY SHALE
180.5,71.352,2.014,58.251,INTERCLATION,INTERCLATION
181.0,70.781,2.016,57.678,INTERCLATION,INTERCLATION
181.5,70.217,2.018,57.096,INTERCLATION,INTERCLATION
182.0,69.671,2.02,56.506,INTERCLATION,INTERCLATION
182.5,69.157,2.022,55.91,INTERCLATION,INTERCLATION
183.0,90.687,2.265,34.207,SHALE,SHALE
183.5,90.273,2.269,34.341,SANDYSH,SANDY SHALE
184.0,33.923,1.364,114.516,SHCOAL,SH COAL
184.5,67.647,2.031,53.517,INTERCLATION,INTERCLATION
185.0,67.449,2.033,52.927,INTERCLATION,INTERCLATION
185.5,67.334,2.035,52.344,INTERCLATION,INTERCLATION
186.0,67.305,2.038,51.77,INTERCLATION,INTERCLATION
186.5,67.359,2.04,51.209,INTERCLATION,INTERCLATION
187.0,67.495,2.043,50.661,INTERCLATION,INTERCLATION
187.5,67.709,2.045,50.128,INTERCLATION,INTERCLATION
188.0,67.992,2.048,49.613,INTERCLATION,INTERCLATION
188.5,68.338,2.05,49.118,INTERCLATION,INTERCLATION
189.0,68.735,2.053,48.643,INTERCLATION,INTERCLATION
189.5,69.172,2.055,48.192,INTERCLATION,INTERCLATION
190.0,69.637,2.057,47.765,INTERCLATION,INTERCLATION
190.5,70.117,2.06,47.364,INTERCLATION,INTERCLATION
191.0,70.598,2.062,46.991,INTERCLATION,INTERCLATION
191.5,66.068,2.468,72.773,SST,SANDSTONE
192.0,66.512,2.466,71.979,SST,SANDSTONE
192.5,66.919,2.464,71.218,SST,SANDSTONE
193.0,67.278,2.461,70.495,SST,SANDSTONE
193.5,67.58,2.459,69.814,SST,SANDSTONE
194.0,67.816,2.456,69.18,SST,SANDSTONE
194.5,67.98,2.454,68.595,SST,SANDSTONE
195.0,68.069,2.451,68.063,SST,SANDSTONE
195.5,68.08,2.448,67.587,SST,SANDSTONE
196.0,68.014,2.445,67.169,SST,SANDSTONE
196.5,67.874,2.442,66.813,SST,SANDSTONE
197.0,67.664,2.439,66.519,SST,SANDSTONE
197.5,67.39,2.436,66.29,SST,SANDSTONE
198.0,67.062,2.433,66.126,SST,SANDSTONE
198.5,66.688,2.429,66.029,SST,SANDSTONE
199.0,66.282,2.426,66.0,SST,SANDSTONE
199.5,65.854,2.423,66.038,SST,SANDSTONE
200.0,65.418,2.419,66.144,SST,SANDSTONE
200.5,35.988,1.311,125.399,SHCOAL,SH COAL
201.0,35.576,1.311,126.6,COAL,COAL
201.5,35.195,1.31,127.741,COAL,COAL
202.0,34.857,1.31,128.813,COAL,COAL
202.5,34.574,1.31,129.805,COAL,COAL
203.0,34.354,1.311,130.709,COAL,COAL
203.5,34.205,1.312,131.516,COAL,COAL
204.0,34.135,1.313,132.219,COAL,COAL
204.5,34.145,1.314,132.812,SHCOAL,SH COAL
205.0,34.239,1.316,133.29,SHCOAL,SH COAL
205.5,34.415,1.318,133.647,COAL,COAL
206.0,34.671,1.32,133.882,COAL,COAL
206.5,35.002,1.323,133.991,COAL,COAL
207.0,35.402,1.325,133.975,COAL,COAL
207.5,35.861,1.328,133.832,COAL,COAL
208.0,92.369,2.244,49.551,CARBSHL,CARB SHALE
208.5,36.916,1.334,133.175,COAL,COAL
209.0,37.487,1.337,132.666,COAL,COAL
209.5,38.071,1.34,132.043,COAL,COAL
210.0,38.653,1.344,131.312,COAL,COAL
210.5,39.219,1.347,130.478,COAL,COAL
211.0,39.757,1.35,129.55,SHCOAL,SH COAL
211.5,40.255,1.353,128.536,COAL,COAL
212.0,40.701,1.355,127.445,COAL,COAL
212.5,41.084,1.358,126.287,COAL,COAL
213.0,41.398,1.36,125.072,COAL,COAL
213.5,75.635,2.08,59.682,INTERCLATION,INTERCLATION
214.0,75.792,2.078,60.203,INTERCLATION,INTERCLATION
214.5,75.865,2.076,60.706,INTERCLATION,INTERCLATION
215.0,75.856,2.074,61.188,INTERCLATION,INTERCLATION
215.5,75.766,2.071,61.648,INTERCLATION,INTERCLATION
216.0,75.599,2.069,62.084,INTERCLATION,INTERCLATION
216.5,75.363,2.067,62.495,INTERCLATION,INTERCLATION
217.0,75.066,2.064,62.878,INTERCLATION,INTERCLATION
217.5,74.717,2.062,63.233,INTERCLATION,INTERCLATION
218.0,74.327,2.059,63.559,INTERCLATION,INTERCLATION
218.5,73.909,2.057,63.854,INTERCLATION,INTERCLATION
219.0,73.476,2.055,64.116,INTERCLATION,INTERCLATION
219.5,73.041,2.052,64.346,INTERCLATION,INTERCLATION
220.0,72.617,2.05,64.543,INTERCLATION,INTERCLATION
220.5,72.218,2.047,64.705,INTERCLATION,INTERCLATION
221.0,71.854,2.045,64.832,INTERCLATION,INTERCLATION
221.5,93.538,2.278,38.02,SHALE,SHALE
222.0,37.279,1.354,106.373,COAL,COAL
222.5,37.085,1.352,106.13,SHCOAL,SH COAL
223.0,36.963,1.349,106.012,COAL,COAL
223.5,92.915,2.295,36.37,CARBSHL,CARB SHALE
224.0,36.945,1.343,106.154,COAL,COAL
224.5,37.053,1.339,106.413,COAL,COAL
225.0,37.235,1.336,106.794,COAL,COAL
225.5,93.487,2.31,35.098,CARBSHL,CARB SHALE
226.0,37.804,1.33,107.91,COAL,COAL
226.5,38.176,1.327,108.634,COAL,COAL
227.0,38.593,1.324,109.461,COAL,COAL
227.5,39.044,1.322,110.383,COAL,COAL
228.0,39.517,1.319,111.391,COAL,COAL
228.5,95.999,2.326,34.078,SHALE,SHALE
229.0,96.477,2.327,34.023,SANDYSH,SANDY SHALE
229.5,96.937,2.328,34.0,SANDYSH,SANDY SHALE
230.0,97.365,2.329,34.012,SANDYSH,SANDY SHALE
230.5,97.751,2.33,34.057,SANDYSH,SANDY SHALE
231.0,98.082,2.33,34.136,SANDYSH,SANDY SHALE
231.5,98.35,2.33,34.248,SANDYSH,SANDY SHALE
232.0,98.545,2.329,34.393,SANDYSH,SANDY SHALE
232.5,98.662,2.328,34.57,SANDYSH,SANDY SHALE
233.0,98.696,2.327,34.779,SHSST,SHALY SANDSTONE
233.5,98.646,2.326,35.018,SANDYSH,SANDY SHALE
234.0,98.511,2.324,35.286,SANDYSH,SANDY SHALE
234.5,76.293,2.0,56.339,INTERCLATION,INTERCLATION
235.0,70.999,2.459,70.339,SST,SANDSTONE
235.5,75.633,2.0,55.143,INTERCLATION,INTERCLATION
236.0,75.204,2.0,54.543,INTERCLATION,INTERCLATION
236.5,74.722,2.0,53.945,INTERCLATION,INTERCLATION
237.0,74.2,2.0,53.351,INTERCLATION,INTERCLATION
237.5,95.648,2.302,37.881,SANDYSH,SANDY SHALE
238.0,95.081,2.299,38.335,SANDYSH,SANDY SHALE
238.5,94.511,2.295,38.804,SANDYSH,SANDY SHALE
239.0,93.953,2.29,39.287,SANDYSH,SANDY SHALE
239.5,93.419,2.286,39.782,SANDYSH,SANDY SHALE
240.0,92.923,2.282,40.286,SHSST,SHALY SANDSTONE
240.5,65.475,2.478,66.017,SST,SANDSTONE
241.0,36.085,1.35,133.609,COAL,COAL
241.5,91.762,2.269,41.833,SHALE,SHALE
242.0,35.513,1.356,132.744,COAL,COAL
242.5,91.342,2.261,42.871,SHALE,SHALE
243.0,35.251,1.361,131.419,SHCOAL,SH COAL
243.5,35.241,1.363,130.6,COAL,COAL
244.0,35.31,1.365,129.684,SHCOAL,SH COAL
244.5,35.454,1.366,128.682,COAL,COAL
245.0,35.666,1.368,127.601,COAL,COAL
245.5,35.938,1.369,126.451,COAL,COAL
246.0,36.261,1.37,125.243,COAL,COAL
246.5,36.624,1.37,123.988,COAL,COAL
247.0,37.015,1.37,122.697,COAL,COAL
247.5,37.421,1.37,121.382,COAL,COAL
248.0,37.828,1.369,120.054,COAL,COAL
248.5,38.224,1.368,118.726,COAL,COAL
249.0,38.595,1.367,117.409,COAL,COAL
249.5,38.929,1.365,116.116,COAL,COAL
250.0,39.216,1.364,114.858,COAL,COAL
250.5,39.446,1.362,113.646,COAL,COAL
251.0,39.609,1.359,112.491,COAL,COAL
251.5,39.701,1.357,111.404,COAL,COAL
252.0,39.716,1.354,110.395,COAL,COAL
252.5,39.653,1.351,109.472,COAL,COAL
253.0,73.511,2.058,46.296,INTERCLATION,INTERCLATION
253.5,73.292,2.061,46.607,INTERCLATION,INTERCLATION
254.0,73.002,2.063,46.949,INTERCLATION,INTERCLATION
254.5,72.646,2.066,47.319,INTERCLATION,INTERCLATION
255.0,72.233,2.068,47.716,INTERCLATION,INTERCLATION
255.5,71.772,2.07,48.14,INTERCLATION,INTERCLATION
256.0,71.275,2.073,48.589,INTERCLATION,INTERCLATION
256.5,70.754,2.075,49.061,INTERCLATION,INTERCLATION
257.0,70.223,2.077,49.554,INTERCLATION,INTERCLATION
257.5,35.694,1.321,106.37,SHCOAL,SH COAL
258.0,91.181,2.274,48.806,SANDYSH,SANDY SHALE
258.5,34.697,1.317,107.219,SHCOAL,SH COAL
259.0,34.255,1.315,107.818,SHCOAL,SH COAL
259.5,33.866,1.313,108.527,SHCOAL,SH COAL
260.0,33.54,1.312,109.34,COAL,COAL
260.5,67.285,2.09,53.447,INTERCLATION,INTERCLATION
261.0,67.109,2.091,54.042,INTERCLATION,INTERCLATION
261.5,67.015,2.093,54.641,INTERCLATION,INTERCLATION
262.0,67.007,2.094,55.241,INTERCLATION,INTERCLATION
262.5,67.084,2.095,55.84,INTERCLATION,INTERCLATION
263.0,67.244,2.096,56.436,INTERCLATION,INTERCLATION
263.5,67.484,2.097,57.027,INTERCLATION,INTERCLATION
264.0,67.796,2.098,57.61,INTERCLATION,INTERCLATION
264.5,68.173,2.098,58.184,INTERCLATION,INTERCLATION
265.0,68.606,2.099,58.747,INTERCLATION,INTERCLATION
265.5,69.082,2.099,59.296,INTERCLATION,INTERCLATION
266.0,69.591,2.1,59.83,INTERCLATION,INTERCLATION
266.5,70.118,2.1,60.346,INTERCLATION,INTERCLATION
267.0,70.65,2.1,60.843,INTERCLATION,INTERCLATION
267.5,71.174,2.1,61.32,INTERCLATION,INTERCLATION
268.0,71.677,2.1,61.773,INTERCLATION,INTERCLATION
268.5,72.145,2.099,62.202,INTERCLATION,INTERCLATION
269.0,72.569,2.099,62.605,INTERCLATION,INTERCLATION
269.5,72.937,2.098,62.981,INTERCLATION,INTERCLATION
270.0,73.241,2.098,63.328,INTERCLATION,INTERCLATION
270.5,73.473,2.097,63.645,INTERCLATION,INTERCLATION
271.0,68.631,2.36,80.275,SST,SANDSTONE
271.5,68.71,2.36,79.385,SST,SANDSTONE
272.0,68.71,2.36,78.488,SST,SANDSTONE
272.5,68.633,2.361,77.589,SST,SANDSTONE
273.0,68.483,2.361,76.691,SST,SANDSTONE
273.5,68.266,2.362,75.801,SST,SANDSTONE
274.0,67.99,2.363,74.923,SST,SANDSTONE
274.5,67.664,2.364,74.063,SST,SANDSTONE
275.0,67.299,2.365,73.224,SST,SANDSTONE
275.5,66.907,2.366,72.413,SST,SANDSTONE
276.0,66.501,2.368,71.633,SST,SANDSTONE
276.5,66.094,2.369,70.889,SST,SANDSTONE
277.0,65.7,2.371,70.184,SST,SANDSTONE
277.5,65.33,2.373,69.524,SST,SANDSTONE
278.0,35.998,1.369,127.755,SHCOAL,SH COAL
278.5,35.715,1.368,126.614,SHCOAL,SH COAL
279.0,35.49,1.367,125.414,SHCOAL,SH COAL
279.5,35.333,1.365,124.165,COAL,COAL
280.0,35.249,1.363,122.878,COAL,COAL
280.5,35.243,1.361,121.566,COAL,COAL
281.0,91.317,2.25,34.637,SHALE,SHALE
281.5,35.473,1.356,118.91,COAL,COAL
282.0,35.707,1.354,117.591,COAL,COAL
282.5,92.016,2.241,35.382,CARBSHL,CARB SHALE
283.0,92.393,2.238,35.688,SHALE,SHALE
283.5,36.83,1.345,113.811,COAL,COAL
284.0,37.318,1.342,112.648,COAL,COAL
284.5,37.845,1.338,111.551,COAL,COAL
285.0,38.4,1.335,110.53,COAL,COAL
285.5,38.968,1.332,109.594,COAL,COAL
286.0,39.537,1.329,108.753,COAL,COAL
286.5,40.093,1.326,108.013,COAL,COAL
287.0,40.622,1.324,107.381,COAL,COAL
287.5,41.113,1.321,106.863,COAL,COAL
288.0,41.553,1.319,106.463,COAL,COAL
288.5,41.932,1.317,106.185,COAL,COAL
289.0,42.241,1.315,106.032,COAL,COAL
289.5,98.474,2.237,41.487,CARBSHL,CARB SHALE
290.0,42.626,1.312,106.104,SHCOAL,SH COAL
290.5,42.693,1.311,106.329,SHCOAL,SH COAL
291.0,42.675,1.31,106.676,SHCOAL,SH COAL
291.5,42.574,1.31,107.144,COAL,COAL
292.0,42.394,1.31,107.728,COAL,COAL
292.5,42.14,1.31,108.423,COAL,COAL
293.0,41.821,1.311,109.222,COAL,COAL
293.5,97.445,2.262,45.522,CARBSHL,CARB SHALE
294.0,41.024,1.313,111.103,COAL,COAL
294.5,96.57,2.27,46.424,CARBSHL,CARB SHALE
295.0,40.095,1.317,113.304,SHCOAL,SH COAL
295.5,39.612,1.319,114.501,SHCOAL,SH COAL
296.0,39.136,1.321,115.747,COAL,COAL
296.5,38.68,1.324,117.031,COAL,COAL
297.0,38.255,1.327,118.343,COAL,COAL
297.5,37.873,1.33,119.669,COAL,COAL
298.0,37.545,1.333,120.998,COAL,COAL
298.5,37.279,1.336,122.318,COAL,COAL
299.0,93.083,2.307,49.369,CARBSHL,CARB SHALE
299.5,36.961,1.342,124.884,COAL,COAL
300.0,92.915,2.314,49.71,SHALE,SHALE
300.5,36.947,1.348,127.274,SHCOAL,SH COAL
301.0,93.055,2.319,49.922,SHALE,SHALE
301.5,93.236,2.322,49.978,SHALE,SHALE
302.0,93.482,2.324,50.0,SHALE,SHALE
302.5,37.788,1.359,131.192,SHCOAL,SH COAL
303.0,38.143,1.361,131.939,COAL,COAL
303.5,38.536,1.364,132.579,COAL,COAL
304.0,38.956,1.365,133.105,COAL,COAL
304.5,39.39,1.367,133.513,COAL,COAL
305.0,39.824,1.368,133.799,COAL,COAL
305.5,40.246,1.369,133.961,COAL,COAL
306.0,40.642,1.37,133.997,COAL,COAL
306.5,41.001,1.37,133.907,COAL,COAL
307.0,41.309,1.37,133.691,COAL,COAL
307.5,41.558,1.37,133.352,SHCOAL,SH COAL
308.0,41.739,1.369,132.892,COAL,COAL
308.5,41.844,1.368,132.316,COAL,COAL
309.0,97.87,2.318,46.972,ISST>SH,ISST>SH
309.5,70.813,2.449,85.72,SST,SANDSTONE
310.0,70.673,2.447,85.01,SST,SANDSTONE
310.5,70.451,2.444,84.261,SST,SANDSTONE
311.0,70.152,2.44,83.476,SST,SANDSTONE
311.5,69.782,2.437,82.661,SST,SANDSTONE
312.0,69.348,2.434,81.819,SST,SANDSTONE
312.5,68.859,2.431,80.956,SST,SANDSTONE
313.0,68.328,2.428,80.076,SST,SANDSTONE
313.5,67.766,2.424,79.185,SST,SANDSTONE
314.0,94.186,2.281,42.166,SHALE,SHALE
314.5,93.602,2.277,41.646,SHALE,SHALE
315.0,93.027,2.273,41.127,SHALE,SHALE
315.5,92.475,2.269,40.613,SHSST,SHALY SANDSTONE
316.0,64.958,2.408,74.729,SST,SANDSTONE
316.5,91.488,2.261,39.603,SHSST,SHALY SANDSTONE
317.0,91.076,2.257,39.112,SHSST,SHALY SANDSTONE
317.5,90.731,2.253,38.634,SHSST,SHALY SANDSTONE
318.0,90.459,2.25,38.17,SHSST,SHALY SANDSTONE
318.5,90.267,2.246,37.721,SHALE,SHALE
319.0,90.157,2.243,37.291,SHALE,SHALE
319.5,34.13,1.313,108.109,COAL,COAL
320.0,90.185,2.238,36.493,SHALE,SHALE
320.5,34.319,1.311,106.928,COAL,COAL
321.0,90.525,2.234,35.787,CARBSHL,CARB SHALE
321.5,34.796,1.31,106.216,SHCOAL,SH COAL
322.0,35.124,1.31,106.046,SHCOAL,SH COAL
322.5,91.498,2.231,34.928,SHALE,SHALE
323.0,91.905,2.23,34.7,SHALE,SHALE
323.5,36.332,1.312,106.29,COAL,COAL
324.0,92.768,2.23,34.337,CARBSHL,CARB SHALE
324.5,37.199,1.315,107.072,COAL,COAL
325.0,37.61,1.317,107.64,SHCOAL,SH COAL
325.5,93.991,2.233,34.037,SHALE,SHALE
326.0,38.329,1.322,109.105,COAL,COAL
326.5,38.614,1.324,109.988,COAL,COAL
327.0,38.838,1.327,110.961,SHCOAL,SH COAL
327.5,94.992,2.242,34.107,CARBSHL,CARB SHALE
328.0,39.073,1.333,113.143,COAL,COAL
328.5,39.077,1.336,114.332,SHCOAL,SH COAL
329.0,39.004,1.339,115.571,SHCOAL,SH COAL
329.5,94.854,2.255,34.707,SHALE,SHALE
330.0,94.632,2.258,34.936,SHALE,SHALE
330.5,38.343,1.349,119.484,COAL,COAL
331.0,93.994,2.266,35.482,SHALE,SHALE
331.5,93.596,2.27,35.797,SHALE,SHALE
332.0,37.158,1.357,123.439,COAL,COAL
332.5,92.692,2.279,36.504,SHALE,SHALE
333.0,36.213,1.362,125.94,COAL,COAL
333.5,91.732,2.287,37.304,SHALE,SHALE
334.0,119.673,2.47,35.986,SHALE,SHALE
334.5,119.994,2.469,35.842,COAL,COAL
335.0,119.826,2.468,35.544,SHCOAL,SH COAL
335.5,119.211,2.466,35.104,SHCOAL,SH COAL
336.0,118.3,2.463,34.541,SHCOAL,SH COAL
336.5,117.315,2.459,33.877,COAL,COAL
337.0,116.498,2.456,33.138,COAL,COAL
337.5,116.049,2.452,32.353,COAL,COAL
338.0,116.077,2.448,31.555,COAL,COAL
338.5,33.42,1.368,133.946,COAL,COAL
339.0,33.601,1.366,134.0,COAL,COAL
339.5,33.863,1.365,133.927,SHCOAL,SH COAL
340.0,90.198,2.327,43.728,CARBSHL,CARB SHALE
340.5,34.601,1.36,133.406,COAL,COAL
341.0,35.06,1.358,132.963,SHCOAL,SH COAL
341.5,91.566,2.33,45.209,SHALE,SHALE
342.0,36.107,1.353,131.731,COAL,COAL
342.5,36.669,1.35,130.953,COAL,COAL
343.0,37.239,1.347,130.077,COAL,COAL
343.5,37.804,1.344,129.109,COAL,COAL
344.0,94.35,2.327,47.381,SHALE,SHALE
344.5,38.864,1.337,126.937,COAL,COAL
345.0,39.335,1.334,125.753,COAL,COAL
345.5,95.752,2.321,48.426,CARBSHL,CARB SHALE
346.0,96.105,2.318,48.722,SHALE,SHALE
346.5,96.387,2.315,48.989,SHALE,SHALE
347.0,96.593,2.312,49.227,SHALE,SHALE
347.5,96.719,2.309,49.435,SHALE,SHALE
348.0,96.764,2.305,49.611,SHALE,SHALE
348.5,96.73,2.302,49.755,SHALE,SHALE
349.0,40.618,1.314,115.377,COAL,COAL
349.5,40.435,1.313,114.144,COAL,COAL
350.0,40.188,1.312,112.964,COAL,COAL
350.5,39.886,1.311,111.848,COAL,COAL
351.0,39.539,1.31,110.805,COAL,COAL
351.5,39.159,1.31,109.845,COAL,COAL
352.0,38.759,1.31,108.977,SHCOAL,SH COAL
352.5,38.35,1.311,108.208,SHCOAL,SH COAL
353.0,37.948,1.311,107.545,SHCOAL,SH COAL
353.5,37.565,1.312,106.995,SHCOAL,SH COAL
354.0,37.212,1.314,106.562,SHCOAL,SH COAL
354.5,36.903,1.316,106.25,COAL,COAL
355.0,36.648,1.317,106.062,COAL,COAL
355.5,92.454,2.246,48.311,SANDYSH,SANDY SHALE
356.0,92.33,2.243,47.978,SANDYSH,SANDY SHALE
356.5,92.281,2.24,47.62,SANDYSH,SANDY SHALE
357.0,92.31,2.238,47.238,SANDYSH,SANDY SHALE
357.5,65.417,2.48,75.406,SST,SANDSTONE
358.0,65.603,2.48,74.535,SST,SANDSTONE
358.5,65.862,2.479,73.684,SST,SANDSTONE
359.0,66.19,2.479,72.857,SST,SANDSTONE
359.5,66.579,2.478,72.059,SST,SANDSTONE
360.0,67.02,2.477,71.295,SST,SANDSTONE
360.5,94.503,2.23,44.048,SHALE,SHALE
361.0,95.015,2.23,43.541,ISH>SST,ISH>SST
361.5,68.543,2.473,69.243,SST,SANDSTONE
362.0,69.075,2.471,68.653,SST,SANDSTONE
362.5,40.597,1.36,116.672,SHCOAL,SH COAL
363.0,41.095,1.362,117.977,COAL,COAL
363.5,41.557,1.364,119.3,COAL,COAL
364.0,41.971,1.366,120.629,COAL,COAL
364.5,42.325,1.367,121.953,COAL,COAL
365.0,42.612,1.368,123.259,COAL,COAL
365.5,98.824,2.248,38.95,SHALE,SHALE
366.0,42.954,1.37,125.772,COAL,COAL
366.5,99.0,2.255,38.017,CARBSHL,CARB SHALE
367.0,42.96,1.37,128.077,COAL,COAL
367.5,42.836,1.369,129.125,COAL,COAL
368.0,42.631,1.369,130.091,COAL,COAL
368.5,42.35,1.367,130.966,COAL,COAL
369.0,42.0,1.366,131.742,COAL,COAL
369.5,97.59,2.279,35.679,CARBSHL,CARB SHALE
370.0,41.132,1.362,132.971,COAL,COAL
370.5,40.636,1.36,133.412,COAL,COAL
371.0,40.116,1.358,133.732,COAL,COAL
371.5,39.584,1.355,133.929,COAL,COAL
372.0,39.055,1.352,134.0,COAL,COAL
372.5,38.541,1.349,133.944,COAL,COAL
373.0,38.056,1.346,133.763,COAL,COAL
373.5,37.611,1.343,133.458,COAL,COAL
374.0,93.218,2.314,34.022,CARBSHL,CARB SHALE
374.5,92.885,2.317,34.0,CARBSHL,CARB SHALE
375.0,36.62,1.334,131.83,COAL,COAL
375.5,92.429,2.322,34.058,CARBSHL,CARB SHALE
376.0,36.315,1.328,130.204,COAL,COAL
376.5,92.281,2.326,34.249,CARBSHL,CARB SHALE
377.0,36.324,1.322,128.21,COAL,COAL
377.5,36.442,1.32,127.097,COAL,COAL
378.0,36.63,1.318,125.92,COAL,COAL
378.5,92.882,2.33,35.019,SHALE,SHALE
379.0,37.187,1.314,123.418,COAL,COAL
379.5,37.536,1.313,122.115,COAL,COAL
380.0,93.918,2.329,35.909,CARBSHL,CARB SHALE
380.5,38.319,1.311,119.463,SHCOAL,SH COAL
381.0,38.727,1.31,118.138,COAL,COAL
381.5,39.129,1.31,116.831,COAL,COAL
382.0,95.511,2.323,37.447,SHALE,SHALE
382.5,95.861,2.321,37.884,SHALE,SHALE
383.0,96.167,2.318,38.338,SHALE,SHALE
383.5,96.419,2.315,38.808,ISH>SST,ISH>SST
384.0,40.607,1.314,110.945,COAL,COAL
384.5,40.724,1.316,109.973,SHCOAL,SH COAL
385.0,40.764,1.318,109.091,COAL,COAL
385.5,40.725,1.32,108.308,SHCOAL,SH COAL
386.0,40.605,1.323,107.63,COAL,COAL
386.5,40.405,1.325,107.064,COAL,COAL
387.0,96.129,2.289,42.356,ISSST>SH,ISSST>SH
387.5,95.781,2.285,42.874,SHALE,SHALE
388.0,95.369,2.281,43.389,SHALE,SHALE
388.5,67.902,2.363,89.855,SST,SANDSTONE
389.0,67.391,2.364,89.683,SST,SANDSTONE
389.5,66.847,2.366,89.444,SST,SANDSTONE
390.0,66.283,2.367,89.142,SST,SANDSTONE
390.5,65.712,2.369,88.776,SST,SANDSTONE
391.0,65.149,2.37,88.35,SST,SANDSTONE
391.5,64.607,2.372,87.866,SST,SANDSTONE
392.0,91.097,2.249,47.12,ISH>SST,ISH>SST
392.5,90.634,2.246,47.509,SHALE,SHALE
393.0,34.227,1.363,110.682,COAL,COAL
393.5,33.886,1.364,111.716,COAL,COAL
394.0,33.618,1.366,112.823,COAL,COAL
394.5,33.431,1.368,113.996,COAL,COAL
395.0,33.326,1.369,115.223,COAL,COAL
395.5,33.307,1.369,116.493,COAL,COAL
396.0,33.371,1.37,117.794,SHCOAL,SH COAL
396.5,89.517,2.23,49.663,ISH>SST,ISH>SST
397.0,89.739,2.23,49.796,SANDYSH,SANDY SHALE
397.5,90.031,2.23,49.896,SANDYSH,SANDY SHALE
398.0,90.383,2.23,49.963,SANDYSH,SANDY SHALE
398.5,90.786,2.231,49.996,SANDYSH,SANDY SHALE
399.0,91.227,2.232,49.995,SANDYSH,SANDY SHALE
399.5,91.695,2.233,49.961,SANDYSH,SANDY SHALE
400.0,92.176,2.235,49.893,SANDYSH,SANDY SHALE
400.5,92.656,2.237,49.792,SANDYSH,SANDY SHALE
401.0,93.123,2.239,49.657,SANDYSH,SANDY SHALE
401.5,93.563,2.242,49.491,ISH>SST,ISH>SST
402.0,93.965,2.245,49.293,ISH>SST,ISH>SST
402.5,94.318,2.248,49.063,ISH>SST,ISH>SST
403.0,67.612,2.44,69.735,SST,SANDSTONE
403.5,94.84,2.255,48.517,SHALE,SHALE
404.0,94.995,2.259,48.202,CARBSHL,CARB SHALE
404.5,39.074,1.336,133.909,COAL,COAL
405.0,39.076,1.333,133.997,COAL,COAL
405.5,95.001,2.271,47.105,CARBSHL,CARB SHALE
406.0,38.852,1.327,133.796,COAL,COAL
406.5,38.634,1.325,133.508,COAL,COAL
407.0,94.353,2.284,45.815,SHALE,SHALE
407.5,38.019,1.32,132.57,COAL,COAL
408.0,93.641,2.292,44.871,SHALE,SHALE
408.5,93.231,2.296,44.38,ISH>SST,ISH>SST
409.0,92.802,2.3,43.879,ISH>SST,ISH>SST
409.5,92.366,2.304,43.37,ISH>SST,ISH>SST
410.0,64.937,2.474,66.341,SST,SANDSTONE
410.5,64.528,2.475,66.587,SST,SANDSTONE
411.0,64.151,2.477,66.896,SST,SANDSTONE
411.5,63.82,2.478,67.268,SST,SANDSTONE
412.0,63.543,2.478,67.701,SST,SANDSTONE
412.5,63.332,2.479,68.191,SST,SANDSTONE
413.0,63.193,2.48,68.737,SST,SANDSTONE
413.5,34.132,1.313,119.647,COAL,COAL
414.0,34.152,1.314,118.321,COAL,COAL
414.5,90.256,2.329,38.32,ISH>SST,ISH>SST
415.0,63.442,2.48,71.405,SST,SANDSTONE
415.5,63.707,2.479,72.175,SST,SANDSTONE
416.0,64.047,2.479,72.977,SST,SANDSTONE
416.5,64.454,2.478,73.808,SST,SANDSTONE
417.0,64.92,2.477,74.662,SST,SANDSTONE
417.5,65.434,2.476,75.535,SST,SANDSTONE
418.0,65.984,2.475,76.422,SST,SANDSTONE
418.5,66.558,2.473,77.318,SST,SANDSTONE
419.0,67.142,2.472,78.218,SST,SANDSTONE
419.5,67.722,2.47,79.116,SST,SANDSTONE
420.0,95.286,2.318,34.564,ISH>SST,ISH>SST
420.5,68.82,2.466,80.889,SST,SANDSTONE
421.0,74.312,2.002,57.518,CONGLOMERATIC CANDSTONE,CONGLOMERATIC CANDSTONE
421.5,74.751,2.002,58.094,CONGLOMERATIC CANDSTONE,CONGLOMERATIC CANDSTONE
422.0,75.126,2.001,58.658,CONGLOMERATIC CANDSTONE,CONGLOMERATIC CANDSTONE
422.5,75.431,2.001,59.21,CONGLOMERATIC CANDSTONE,CONGLOMERATIC CANDSTONE
423.0,75.658,2.0,59.746,CONGLOMERATIC CANDSTONE,CONGLOMERATIC CANDSTONE
423.5,70.805,2.451,85.668,SST,SANDSTONE
424.0,70.868,2.448,86.338,SST,SANDSTONE
424.5,70.849,2.445,86.961,SST,SANDSTONE
425.0,70.749,2.442,87.534,SST,SANDSTONE
425.5,70.574,2.439,88.053,SST,SANDSTONE
426.0,70.33,2.436,88.516,SST,SANDSTONE
426.5,75.026,2.001,62.923,CONGLOMERATIC CANDSTONE,CONGLOMERATIC CANDSTONE
427.0,74.671,2.002,63.274,CONGLOMERATIC CANDSTONE,CONGLOMERATIC CANDSTONE
427.5,74.278,2.003,63.596,CONGLOMERATIC CANDSTONE,CONGLOMERATIC CANDSTONE
428.0,73.857,2.004,63.887,CONGLOMERATIC CANDSTONE,CONGLOMERATIC CANDSTONE
428.5,73.423,2.005,64.146,CONGLOMERATIC CANDSTONE,CONGLOMERATIC CANDSTONE
429.0,72.989,2.006,64.372,CONGLOMERATIC CANDSTONE,CONGLOMERATIC CANDSTONE
429.5,72.567,2.007,64.564,CONGLOMERATIC CANDSTONE,CONGLOMERATIC CANDSTONE
430.0,72.172,2.008,64.722,CONGLOMERATIC CANDSTONE,CONGLOMERATIC CANDSTONE
430.5,71.813,2.01,64.845,CONGLOMERATIC CANDSTONE,CONGLOMERATIC CANDSTONE
431.0,71.504,2.011,64.932,CONGLOMERATIC CANDSTONE,CONGLOMERATIC CANDSTONE
431.5,71.252,2.013,64.984,CONGLOMERATIC CANDSTONE,CONGLOMERATIC CANDSTONE
432.0,71.067,2.015,65.0,CONGLOMERATIC CANDSTONE,CONGLOMERATIC CANDSTONE
432.5,70.953,2.017,64.98,CONGLOMERATIC CANDSTONE,CONGLOMERATIC CANDSTONE
433.0,70.915,2.018,64.924,CONGLOMERATIC CANDSTONE,CONGLOMERATIC CANDSTONE
433.5,70.954,2.02,64.832,CONGLOMERATIC CANDSTONE,CONGLOMERATIC CANDSTONE
434.0,71.071,2.023,64.704,CONGLOMERATIC CANDSTONE,CONGLOMERATIC CANDSTONE
434.5,71.262,2.025,64.542,CONGLOMERATIC CANDSTONE,CONGLOMERATIC CANDSTONE
435.0,71.522,2.027,64.346,CONGLOMERATIC CANDSTONE,CONGLOMERATIC CANDSTONE
435.5,66.846,2.378,85.247,SST,SANDSTONE
436.0,67.224,2.375,84.51,SST,SANDSTONE
436.5,67.646,2.373,83.737,SST,SANDSTONE
437.0,68.1,2.371,82.931,SST,SANDSTONE
437.5,68.575,2.369,82.097,SST,SANDSTONE
438.0,69.058,2.368,81.241,SST,SANDSTONE
438.5,69.534,2.366,80.366,SST,SANDSTONE
439.0,69.99,2.365,79.478,SST,SANDSTONE
439.5,70.414,2.364,78.581,SST,SANDSTONE
440.0,70.794,2.363,77.681,SST,SANDSTONE
440.5,71.118,2.362,76.783,SST,SANDSTONE
441.0,71.377,2.361,75.892,SST,SANDSTONE
441.5,71.563,2.361,75.013,SST,SANDSTONE
442.0,71.67,2.36,74.151,SST,SANDSTONE
442.5,71.694,2.36,73.31,SST,SANDSTONE
443.0,71.634,2.36,72.495,SST,SANDSTONE
443.5,71.489,2.36,71.712,SST,SANDSTONE
444.0,71.262,2.361,70.964,SST,SANDSTONE
444.5,75.958,2.073,55.67,CONGLOMERATIC CANDSTONE,CONGLOMERATIC CANDSTONE
445.0,75.584,2.075,55.071,CONGLOMERATIC CANDSTONE,CONGLOMERATIC CANDSTONE
445.5,75.148,2.077,54.471,CONGLOMERATIC CANDSTONE,CONGLOMERATIC CANDSTONE
446.0,74.661,2.079,53.873,CONGLOMERATIC CANDSTONE,CONGLOMERATIC CANDSTONE
446.5,74.134,2.081,53.279,CONGLOMERATIC CANDSTONE,CONGLOMERATIC CANDSTONE
447.0,73.58,2.083,52.692,CONGLOMERATIC CANDSTONE,CONGLOMERATIC CANDSTONE
447.5,73.012,2.085,52.112,CONGLOMERATIC CANDSTONE,CONGLOMERATIC CANDSTONE
448.0,72.443,2.086,51.544,CONGLOMERATIC CANDSTONE,CONGLOMERATIC CANDSTONE
448.5,71.887,2.088,50.987,CONGLOMERATIC CANDSTONE,CONGLOMERATIC CANDSTONE
449.0,71.357,2.09,50.445,CONGLOMERATIC CANDSTONE,CONGLOMERATIC CANDSTONE
449.5,70.866,2.091,49.919,CONGLOMERATIC CANDSTONE,CONGLOMERATIC CANDSTONE
450.0,70.424,2.093,49.412,CONGLOMERATIC CANDSTONE,CONGLOMERATIC CANDSTONE
450.5,70.042,2.094,48.925,CONGLOMERATIC CANDSTONE,CONGLOMERATIC CANDSTONE
451.0,69.728,2.095,48.46,CONGLOMERATIC CANDSTONE,CONGLOMERATIC CANDSTONE
451.5,69.488,2.096,48.018,CONGLOMERATIC CANDSTONE,CONGLOMERATIC CANDSTONE
452.0,64.326,2.389,66.39,SST,SANDSTONE
452.5,64.246,2.392,66.65,SST,SANDSTONE
453.0,64.246,2.395,66.974,SST,SANDSTONE
453.5,64.324,2.398,67.36,SST,SANDSTONE
454.0,64.476,2.401,67.806,SST,SANDSTONE
454.5,64.696,2.404,68.309,SST,SANDSTONE
455.0,64.975,2.407,68.867,SST,SANDSTONE
455.5,65.303,2.41,69.475,SST,SANDSTONE
456.0,65.67,2.414,70.132,SST,SANDSTONE
456.5,66.064,2.417,70.833,SST,SANDSTONE
457.0,66.47,2.42,71.575,SST,SANDSTONE
457.5,66.877,2.424,72.352,SST,SANDSTONE
458.0,67.27,2.427,73.161,SST,SANDSTONE
458.5,67.637,2.43,73.998,SST,SANDSTONE
459.0,67.967,2.433,74.857,SST,SANDSTONE
459.5,68.247,2.437,75.733,SST,SANDSTONE
460.0,68.469,2.44,76.623,SST,SANDSTONE
460.5,68.624,2.443,77.52,SST,SANDSTONE
461.0,68.707,2.446,78.419,SST,SANDSTONE
461.5,68.712,2.449,79.317,SST,SANDSTONE
462.0,39.64,1.351,117.43,COAL,COAL
462.5,68.488,2.454,81.085,SST,SANDSTONE
463.0,68.261,2.457,81.945,SST,SANDSTONE
463.5,67.962,2.46,82.783,SST,SANDSTONE
464.0,67.599,2.462,83.594,SST,SANDSTONE
464.5,67.18,2.464,84.374,SST,SANDSTONE
465.0,66.714,2.466,85.118,SST,SANDSTONE
465.5,66.213,2.468,85.822,SST,SANDSTONE
466.0,92.69,2.249,35.785,ISH>SST,ISH>SST
466.5,92.158,2.245,35.471,ISH>SST,ISH>SST
467.0,91.63,2.242,35.184,ISH>SST,ISH>SST
467.5,35.12,1.319,130.614,COAL,COAL
468.0,63.641,2.476,88.611,SST,SANDSTONE
468.5,63.205,2.477,89.001,SST,SANDSTONE
469.0,62.823,2.478,89.33,SST,SANDSTONE
469.5,62.505,2.479,89.594,SST,SANDSTONE
470.0,62.26,2.479,89.793,SST,SANDSTONE
470.5,62.093,2.48,89.926,SST,SANDSTONE
471.0,62.01,2.48,89.992,SST,SANDSTONE
471.5,62.012,2.48,89.991,SST,SANDSTONE
472.0,62.099,2.48,89.922,SST,SANDSTONE
472.5,62.269,2.479,89.786,SST,SANDSTONE
473.0,62.518,2.479,89.584,SST,SANDSTONE
473.5,62.838,2.478,89.316,SST,SANDSTONE
474.0,63.223,2.477,88.985,SST,SANDSTONE
474.5,63.661,2.476,88.593,SST,SANDSTONE
475.0,64.142,2.475,88.14,SST,SANDSTONE
475.5,64.654,2.474,87.631,SST,SANDSTONE
476.0,65.182,2.472,87.068,SST,SANDSTONE
476.5,36.714,1.327,127.569,COAL,COAL
477.0,37.236,1.329,126.418,COAL,COAL
477.5,93.735,2.256,36.507,SHALE,SHALE
478.0,67.199,2.464,84.34,SST,SANDSTONE
478.5,67.616,2.462,83.559,SST,SANDSTONE
479.0,67.977,2.459,82.746,SST,SANDSTONE
479.5,68.273,2.457,81.907,SST,SANDSTONE
480.0,68.497,2.454,81.046,SST,SANDSTONE
480.5,68.644,2.451,80.168,SST,SANDSTONE
481.0,68.714,2.449,79.277,SST,SANDSTONE
481.5,68.705,2.446,78.38,SST,SANDSTONE
482.0,68.619,2.443,77.48,SST,SANDSTONE
482.5,68.46,2.44,76.583,SST,SANDSTONE
483.0,68.236,2.436,75.694,SST,SANDSTONE
483.5,38.953,1.365,110.367,COAL,COAL
484.0,38.622,1.367,109.447,COAL,COAL
484.5,94.253,2.312,43.22,SHSST,SHALY SANDSTONE
485.0,93.859,2.315,43.731,SHSST,SHALY SANDSTONE
485.5,93.452,2.318,44.235,SHSST,SHALY SANDSTONE
486.0,66.046,2.417,70.801,SST,SANDSTONE
486.5,65.654,2.414,70.102,SST,SANDSTONE
487.0,65.288,2.41,69.447,SST,SANDSTONE
487.5,64.961,2.407,68.841,SST,SANDSTONE
488.0,64.685,2.404,68.286,SST,SANDSTONE
488.5,64.468,2.401,67.785,SST,SANDSTONE
489.0,64.319,2.398,67.342,SST,SANDSTONE
489.5,64.244,2.395,66.959,SST,SANDSTONE
490.0,64.248,2.392,66.638,SST,SANDSTONE
490.5,64.332,2.389,66.38,SST,SANDSTONE
491.0,64.497,2.386,66.188,SST,SANDSTONE
491.5,64.74,2.383,66.063,SST,SANDSTONE
492.0,65.058,2.381,66.005,SST,SANDSTONE
492.5,65.443,2.378,66.014,SST,SANDSTONE
493.0,65.887,2.376,66.09,SST,SANDSTONE
493.5,66.38,2.374,66.233,SST,SANDSTONE
494.0,66.911,2.372,66.443,SST,SANDSTONE
494.5,38.468,1.335,115.959,COAL,COAL
495.0,95.037,2.311,49.989,ISH>SST,ISH>SST
495.5,95.605,2.308,49.999,ISH>SST,ISH>SST
496.0,96.158,2.304,49.976,ISH>SST,ISH>SST
496.5,96.684,2.3,49.919,ISH>SST,ISH>SST
497.0,97.169,2.296,49.829,CARBSHL,CARB SHALE
497.5,70.602,2.362,69.619,SST,SANDSTONE
498.0,70.973,2.361,70.286,SST,SANDSTONE
498.5,71.274,2.361,70.996,SST,SANDSTONE
499.0,71.497,2.36,71.746,SST,SANDSTONE
499.5,71.638,2.36,72.531,SST,SANDSTONE
500.0,71.695,2.36,73.347,SST,SANDSTONE
500.5,71.667,2.36,74.189,SST,SANDSTONE
501.0,71.557,2.361,75.052,SST,SANDSTONE
501.5,71.367,2.361,75.932,SST,SANDSTONE
502.0,71.105,2.362,76.823,SST,SANDSTONE
502.5,70.778,2.363,77.721,SST,SANDSTONE
503.0,70.396,2.364,78.621,SST,SANDSTONE
503.5,69.971,2.365,79.517,SST,SANDSTONE
504.0,69.513,2.366,80.405,SST,SANDSTONE
504.5,69.036,2.368,81.279,SST,SANDSTONE
505.0,68.554,2.37,82.135,SST,SANDSTONE
505.5,68.08,2.371,82.967,SST,SANDSTONE
506.0,67.626,2.373,83.772,SST,SANDSTONE
506.5,67.206,2.376,84.544,SST,SANDSTONE
507.0,66.83,2.378,85.279,SST,SANDSTONE
507.5,66.51,2.38,85.974,SST,SANDSTONE
508.0,66.252,2.383,86.623,SST,SANDSTONE
508.5,66.064,2.385,87.224,SST,SANDSTONE
509.0,65.951,2.388,87.773,SST,SANDSTONE
509.5,65.915,2.391,88.268,SST,SANDSTONE
510.0,65.956,2.394,88.704,SST,SANDSTONE
510.5,66.073,2.397,89.08,SST,SANDSTONE
511.0,66.262,2.4,89.395,SST,SANDSTONE
511.5,66.516,2.403,89.644,SST,SANDSTONE
512.0,66.828,2.406,89.829,SST,SANDSTONE
512.5,67.188,2.41,89.947,SST,SANDSTONE
513.0,67.586,2.413,89.998,SST,SANDSTONE
513.5,39.008,1.366,117.554,COAL,COAL
514.0,39.443,1.367,116.257,COAL,COAL
514.5,39.876,1.368,114.995,COAL,COAL
515.0,40.296,1.369,113.777,COAL,COAL
515.5,40.688,1.37,112.615,COAL,COAL
516.0,41.041,1.37,111.52,COAL,COAL
516.5,41.343,1.37,110.502,COAL,COAL
517.0,41.584,1.369,109.569,COAL,COAL
517.5,41.755,1.369,108.73,COAL,COAL
518.0,41.851,1.368,107.993,COAL,COAL
518.5,41.867,1.366,107.364,COAL,COAL
519.0,41.8,1.365,106.85,COAL,COAL
519.5,41.65,1.363,106.453,COAL,COAL
520.0,97.419,2.301,34.012,SHSST,SHALY SANDSTONE
520.5,97.111,2.305,34.058,SHSST,SHALY SANDSTONE
521.0,96.732,2.308,34.138,SHSST,SHALY SANDSTONE
521.5,96.291,2.312,34.25,SHSST,SHALY SANDSTONE
522.0,95.797,2.315,34.396,SHSST,SHALY SANDSTONE
522.5,68.262,2.468,79.969,SST,SANDSTONE
523.0,67.697,2.47,79.076,SST,SANDSTONE
523.5,67.116,2.472,78.178,SST,SANDSTONE
524.0,66.532,2.473,77.278,SST,SANDSTONE
524.5,65.959,2.475,76.383,SST,SANDSTONE
525.0,65.41,2.476,75.496,SST,SANDSTONE
